# Exchange addresses from proof-of-reserves, blockchain forensics, address clustering, and rich list labels
# Generated: 2026-03-11
#
# Sources:
#   walletexplorer-cluster: Public address clustering data (Bitfinex, OKCoin, Bitcoin.de, CoinJar, Xapo, BitPay, Korbit, Bitso, CaVirtEx, Cryptsy, BleuTrade, BTCC)
#   bitinfocharts-richlist: Public rich list labeled addresses (Gate.io, OKX, BitMEX, Crypto.com)
#   blockchain-forensics: Known forensic addresses from KuCoin 2020 hack, Bitfinex 2016 hack recovery
#
address,entity,source
# BTCC
13JmJMxfsmtiscVhJHHAHLRDqkeJLwDCNQ,BTCC,walletexplorer-cluster
14KBQmbsGhhsRNcYgRnj78arkzsDBDUoeH,BTCC,walletexplorer-cluster
14iykVoJbnqdqSXwL1dxd5jhrEmStjMAcm,BTCC,walletexplorer-cluster
15GZfB6BKqkzEHmvnireuD2gakuVe5rzC3,BTCC,walletexplorer-cluster
15GufGoLdDmcwHnQQKnzPabTomz4ZCZGQR,BTCC,walletexplorer-cluster
17TaKE9ST9pkZh1b6svJPiRmrK4B3FuwCy,BTCC,walletexplorer-cluster
19f4bD2FxF2NkmxJg2WsN33JmEG9pCGS5C,BTCC,walletexplorer-cluster
1E55hhTcPFzWy7jeVpLVGnvWcVryn5mtqr,BTCC,walletexplorer-cluster
1Ghy3746Ri1LeC1BXQXKxmKuT4wWPndVpH,BTCC,walletexplorer-cluster
1GtR2gL9v1vsdH4pCmPUQsqcdAbUM1NP4V,BTCC,walletexplorer-cluster
1H3T7B2DbGjheZHd4eLQVn7Sp7G6fsVjfx,BTCC,walletexplorer-cluster
1HEstph5Emkucm5nNJo5X4utj5Y9286DLE,BTCC,walletexplorer-cluster
1KBk4d4KbFyGv5bMYwNVprDFAghcBUJfn2,BTCC,walletexplorer-cluster
1KHUbrASx6ust5cns1FTmsxbwvq4rmvt1B,BTCC,walletexplorer-cluster
1LDmXvCDvV2zJfULw2T55NuVJuwvTHEHWs,BTCC,walletexplorer-cluster
1LP51sotiufxyWvmZrDKYDCsphNt6TjkUp,BTCC,walletexplorer-cluster
1LQXi8FfrsduvrwuSBD3REMjZDfxXjtZWu,BTCC,walletexplorer-cluster
1Lf5WjV1WBhK7zG7SYPDAdLM5LygU4ZYWa,BTCC,walletexplorer-cluster
1MR61zxeYSq5Rz7KfzvKJBuPLL5m8hrL5e,BTCC,walletexplorer-cluster
1NibLyFvkASQWfrHhdsBGaweUh6YJPeK8f,BTCC,walletexplorer-cluster
# BitPay
13EzhtK1UAJW3uBhmwcAkBN7uqEpVnAzDv,BitPay,walletexplorer-cluster
15FqFTPm3amgv2gX4ASyo5JLu9yDfvtAZz,BitPay,walletexplorer-cluster
16FprC8UUAkJReuNRqus9rvuBxMR4HWp22,BitPay,walletexplorer-cluster
17FXdktcyiyHjNF8WqTUU46qLTahfRqwTm,BitPay,walletexplorer-cluster
17qdd64x6LJT8iEN1P1BpSxasFYgYuGPJo,BitPay,walletexplorer-cluster
18mKyjyUjouG3iaoVCH4zyHEoyan6HEvWj,BitPay,walletexplorer-cluster
1BAwXXhXuEUk2n6AJMcfdi81X4mmbtx84e,BitPay,walletexplorer-cluster
1CEAcGsMrcpjxtFiKT9JKwVY628LJFcypQ,BitPay,walletexplorer-cluster
1Cnc6HdErHyxmMXn8i8k9RWQDVCoM52BNv,BitPay,walletexplorer-cluster
1D87ViVe4xXh4XNQzQPBigGKL4rTxi5hDm,BitPay,walletexplorer-cluster
1EATV1BvmSikvMnWow8LoqPbynSDmxdcZs,BitPay,walletexplorer-cluster
1EikfuSy19oV3B8sViYNvf2EDWfLXnCtGv,BitPay,walletexplorer-cluster
1FKJY6nbm9fvRoZaAkEGtR7CQp9STjvgDj,BitPay,walletexplorer-cluster
1JhBYAt3vNi3P4Jh9TDENoyDKHEVQihUmD,BitPay,walletexplorer-cluster
1Jwf6PaRo5vNdEyxjkhXqD8fMoe16Xy581,BitPay,walletexplorer-cluster
1LfAVVQV7Xt2QWgVewyyUygQ7NAVcaXZ16,BitPay,walletexplorer-cluster
1M7rYKbkthr5smABbt2SoXzJLFoTi9xj1D,BitPay,walletexplorer-cluster
1QBkeTETDomsJh5jMRbLjuy1yYey7XAug9,BitPay,walletexplorer-cluster
1QFKFV2iHXYnieHKh5bRGmKrtXHrFTKgDV,BitPay,walletexplorer-cluster
1pVmdnqXFfyq5xv2hzwGm2X8JYS6TgobH,BitPay,walletexplorer-cluster
# Bitcoin.de
12j8KeDLDTcmLH9L1uP7RmYqNLBk5w6gYL,Bitcoin.de,walletexplorer-cluster
13asmtt9g8FMmSSLHkMsuG6KXCv86kQ8hY,Bitcoin.de,walletexplorer-cluster
13rCNPkLp27VtdfLdbZnbSxm9NG8xw3Dc1,Bitcoin.de,walletexplorer-cluster
13zUF3a39eZ7BkRf3w3KTzVzTGwK8em1R3,Bitcoin.de,walletexplorer-cluster
143iJ6gqQ9MMbXWRqKVNXhxXm2a8yUmQqd,Bitcoin.de,walletexplorer-cluster
154A7yBEmbeayLoQ557hWeYcc8SSpbd5Cw,Bitcoin.de,walletexplorer-cluster
15SRuTm77maTfCx4ndyVuwEHgqUeK6kkZt,Bitcoin.de,walletexplorer-cluster
15VZsRthXqBj7knfZ2hqR7PQy1F6SqipGS,Bitcoin.de,walletexplorer-cluster
17qZbpiC91nmpEqbJHLyoyao21fduNmZ4c,Bitcoin.de,walletexplorer-cluster
187V1TN74QCFycyKkjx4s8CnTwTXnGpztJ,Bitcoin.de,walletexplorer-cluster
18BcFawpyHMkjDTWVLqsxqr9S1CRXo4EHM,Bitcoin.de,walletexplorer-cluster
18yYnkuG7Dj9akTAXYo8JkpYYUgBcbercY,Bitcoin.de,walletexplorer-cluster
19NWk5ouaXNW1AiYvXZJyksvn7nbrcRiXz,Bitcoin.de,walletexplorer-cluster
19hjC2jG8K3oAt8xqm6P2m6zb84EwhkVTK,Bitcoin.de,walletexplorer-cluster
1A591tkdns5SZjsujg8Fg4VkDvY5Hp8juu,Bitcoin.de,walletexplorer-cluster
1AWzC6FaqV95dWQHffyB9vabJAH4G9PQvN,Bitcoin.de,walletexplorer-cluster
1BAcYxHahsqxfrRtVYacsW6nkPvx7Rwxge,Bitcoin.de,walletexplorer-cluster
1BivsmQxepwTTp96ysBiT1UF7GyHu35jGp,Bitcoin.de,walletexplorer-cluster
1Caw4AMmX2ACztRxuP4K5dWybMSqkyQQfk,Bitcoin.de,walletexplorer-cluster
1FamuE3oRM6vT3rGYbYKtrTQFZF8gukBSf,Bitcoin.de,walletexplorer-cluster
1GNjdhN4JPhA2RfDiCEBAE9fKzE4MJZSFy,Bitcoin.de,walletexplorer-cluster
1HzoVgU9No93WwbNgwXHeMdD5NGjioCt7K,Bitcoin.de,walletexplorer-cluster
1JJCmLaMe6MZX47h25cG5cGxPTYZ8XFm5Y,Bitcoin.de,walletexplorer-cluster
1JbC68vpWNyXNtDGxWtqP518R5voqeTrLA,Bitcoin.de,walletexplorer-cluster
1JjDF8ht3VN5B5scDiWzVvmkfLeMVhTiX2,Bitcoin.de,walletexplorer-cluster
1K6jkrNa6FuEfXFz2Sf3pVMQRxykDEX2Ev,Bitcoin.de,walletexplorer-cluster
1KNVVNAfWCwijmi1X8oRuxEhNUP2QzQgCF,Bitcoin.de,walletexplorer-cluster
1KgQUQjqwddMdQWK87oR9KjN7Hm2t1w3vx,Bitcoin.de,walletexplorer-cluster
1Koy2zA93VgZT2sr2v13tLZ6HDWWcePECj,Bitcoin.de,walletexplorer-cluster
1MG3fJ2GFqJn4Hj4DzbZY9EMbQrxahxYWZ,Bitcoin.de,walletexplorer-cluster
1Nk2UNED12CFTPvzETunF4tdjiqS5HTsWv,Bitcoin.de,walletexplorer-cluster
1PEG84KWeSDcDBExhgo5ngEQNybohu3PDz,Bitcoin.de,walletexplorer-cluster
1PQYBt8VATUZiMGQw9rEVNLLJUpZGVykjw,Bitcoin.de,walletexplorer-cluster
1PfKVhtfKtsJC6914PP8a2HTjEKEJRbq5F,Bitcoin.de,walletexplorer-cluster
1PfZSv4bXEponpy99kXskKyVg7EdxQFcUG,Bitcoin.de,walletexplorer-cluster
1bz9Vp1vVhpH36ujjCULer5syar8AWt31,Bitcoin.de,walletexplorer-cluster
32Hgbz12HzPLes2L9wQNnu6epXMgDxeMvL,Bitcoin.de,walletexplorer-cluster
32nDpW3JxJ2hDHtFN3G9ZKneCJDqqecRSK,Bitcoin.de,walletexplorer-cluster
337pZwtgmm2PnAXjDpsp6nJ6PqFEuyceNV,Bitcoin.de,walletexplorer-cluster
339TKGwDLDdwvrR7xcYsM5GkY1HpWeGNPf,Bitcoin.de,walletexplorer-cluster
33HuMKdvcmzkcneV1USTcZVJqpkB2VBCd9,Bitcoin.de,walletexplorer-cluster
33hfnAXusAqAECmup7vz4xcduYzL4sadKK,Bitcoin.de,walletexplorer-cluster
33inC9M8CFH9eUhZModeNrEukSP61nWFKp,Bitcoin.de,walletexplorer-cluster
33jY477XPfh5JMkKhiq796yhHb97SrpFJB,Bitcoin.de,walletexplorer-cluster
34B9qezStgpdrcou1gSB9BVbuM1s9gHjtj,Bitcoin.de,walletexplorer-cluster
34QqziuZ8FZFUbhNa6MEHVwAcHLnCTXgTa,Bitcoin.de,walletexplorer-cluster
34eyDsZTjNJDG94Lc15DAUiEGALJbZQco3,Bitcoin.de,walletexplorer-cluster
34ryCaXdHBXAYNoWx9uarGe2BRv9aHKDAf,Bitcoin.de,walletexplorer-cluster
34yqz4xeg2rU97XZco1pxoUL58hSiWzc5e,Bitcoin.de,walletexplorer-cluster
36mbcJVoPwqDEdKNNAvefB6jcEGX8KYEW7,Bitcoin.de,walletexplorer-cluster
37g4L1sDNahPL7vQKG17YCXBinMt7QcmqL,Bitcoin.de,walletexplorer-cluster
37nxRAXixoS9KXqEFuhiCKYCQB89Gv2DDV,Bitcoin.de,walletexplorer-cluster
38wtfzWoxkr2quwSAMm18Xifygz2hWKTUn,Bitcoin.de,walletexplorer-cluster
39HyDsA97QjviwWHFstGkb8U9p4kZT3fZ1,Bitcoin.de,walletexplorer-cluster
39LAyy77En7ST9ygAXYSd2YQH7kYNWHTnq,Bitcoin.de,walletexplorer-cluster
39kUREkPTxfdBpJz7FGZzwEXqNZHuT2Gtx,Bitcoin.de,walletexplorer-cluster
39kmRMqS5BAwQii4AggoxMDJ6riwcXAqVp,Bitcoin.de,walletexplorer-cluster
3A7mKFvogic4CP17tyy3JB9ac28Jg292pt,Bitcoin.de,walletexplorer-cluster
3AnALWk4uDK2PJcykaZTnuENUA3jWQ3kzi,Bitcoin.de,walletexplorer-cluster
3B372xLfWD3j3BmwTud6LdTySGSTFJ71oe,Bitcoin.de,walletexplorer-cluster
3BZztLpXkwq7Y7tHgBuTaF3uicZQibkGiF,Bitcoin.de,walletexplorer-cluster
3CJtkTcEaCND6qHdAwdpAFufgWcQ1AC3kE,Bitcoin.de,walletexplorer-cluster
3CQLVeVPNvYJegEhDF79MQcWCVMA1qbZ9K,Bitcoin.de,walletexplorer-cluster
3CeKGe2zU8PcwR5LkffQ2KVJ3DBjvxy9Um,Bitcoin.de,walletexplorer-cluster
3CtY6YAuo4c4jvW8GAL9VgqR8wHj2ehHkB,Bitcoin.de,walletexplorer-cluster
3D5xvErYoZwgJez3ZH6pwyKyhqxaYgDahC,Bitcoin.de,walletexplorer-cluster
3DQ1SCNVCXf5SdXhm3WiassYLhDybfyv6S,Bitcoin.de,walletexplorer-cluster
3DdzHGif9XUbFBFBzyngmZv84VJTdBMpnn,Bitcoin.de,walletexplorer-cluster
3F5EBhK9aDsKdrR9iCASsNPKTEhFzrx6MD,Bitcoin.de,walletexplorer-cluster
3FkybPjv9WJCTAc3SXR79uiAy5nDcJUB4A,Bitcoin.de,walletexplorer-cluster
3GgyrGSjxyJM6ZtwPEnMuGWdT9pJ7tCXJE,Bitcoin.de,walletexplorer-cluster
3H2WdfJV3J3wdhT91q68bR2QSvcuYnFygL,Bitcoin.de,walletexplorer-cluster
3HCzPmzmqU3ZMQeP43E4uj2Rw9vSRybNCH,Bitcoin.de,walletexplorer-cluster
3HZsgGApFEigC6b9Lj9fRX5ztJhAhyoUxR,Bitcoin.de,walletexplorer-cluster
3HrgqQ2H54woTHC8XuGKMA7pWb1yvQZFdn,Bitcoin.de,walletexplorer-cluster
3J3kQ6w2tA1ZFpduBKcQwLg1x4qYW4Dt5r,Bitcoin.de,walletexplorer-cluster
3J83empZHbLGYEPX7kZyoj3siTcWVivCJQ,Bitcoin.de,walletexplorer-cluster
3JDNp3k53E6rUYE5KM6MbS5ut9eX3zJjkE,Bitcoin.de,walletexplorer-cluster
3JbNs6fDkBbxWWz7rzEETZq5ua26J1ycn1,Bitcoin.de,walletexplorer-cluster
3KLSVQgg5t5n5LWJ51yMemmbzVq9bcYKB2,Bitcoin.de,walletexplorer-cluster
3KPHQTi8Rj7YTpSip2Ex4sWdPygAs6Qmpz,Bitcoin.de,walletexplorer-cluster
3KhAks2JFoNMeb4E7dtx1c3vqDoUEic4wb,Bitcoin.de,walletexplorer-cluster
3KmE8f6jw4wy44xU2BPoptgf8veT4pjftv,Bitcoin.de,walletexplorer-cluster
3KpakYqkqS6xybiwFKQVXJ5pFR717hWqqZ,Bitcoin.de,walletexplorer-cluster
3LNmUzJik2n9o49iacagLWZ6cqfyF7t7Zi,Bitcoin.de,walletexplorer-cluster
3LUvYcJ8AEU1N6LbfFvw1psaV94U5VhS3Q,Bitcoin.de,walletexplorer-cluster
3Lpe5ueCKu8sWYKsDhSUdqTuF1q5oBMHAV,Bitcoin.de,walletexplorer-cluster
3MANMYQYwpQtuRditSdhM5tgLapJQumPbZ,Bitcoin.de,walletexplorer-cluster
3MKiiR7W7JmKU9xB1dGHZr3oTKQGzyeiEv,Bitcoin.de,walletexplorer-cluster
3MT6Snjpxc8EvVA9Ub9NUKCw1tzGXTfhqx,Bitcoin.de,walletexplorer-cluster
3MsZViNbeHY3NMuDGcYFSfGqDaK2UwMLdW,Bitcoin.de,walletexplorer-cluster
3N8vFbudt8Q4ooHDPU48sDtiucsbsFpciK,Bitcoin.de,walletexplorer-cluster
3PPHmDGLmBHKv4tWbaQKUKUfQxrCJYLnur,Bitcoin.de,walletexplorer-cluster
3PVDFfPUy4zuANQB2sHyC36iqWhV272QdK,Bitcoin.de,walletexplorer-cluster
3PZZGoyqZYXnDVLvwEx9pDGDB8BjUMDUdo,Bitcoin.de,walletexplorer-cluster
3Pv16w9CF4YqixcchRZYWjd7n96XupLJAB,Bitcoin.de,walletexplorer-cluster
3PzC6GL9h3Z7VSovxXhnWhEhDA2F3oU2Td,Bitcoin.de,walletexplorer-cluster
3QC6KAnChVCbbV1c7sFpx5K3AZ25qzHiLz,Bitcoin.de,walletexplorer-cluster
3QFMq68VtDG7XX1TJqSB2poQV76So5pEiu,Bitcoin.de,walletexplorer-cluster
# Bitfinex
1129A9dFqy4ABDsGQ8RGusbMWYBoZc4myc,Bitfinex,walletexplorer-cluster
122LtqxDXZuQ1fU34Gn83kr6UAHUCQP1Jz,Bitfinex,walletexplorer-cluster
126pCFmyyidpiwSEVeBfjuUWjunSexeEPV,Bitfinex,walletexplorer-cluster
12JnUK69nFQYwDpdVo26GUhNUQ2FdscbK8b,Bitfinex,walletexplorer-cluster
12JsfJ8Y6qoZvfsqu2E4nzAhNqkA2Pe4Ya,Bitfinex,walletexplorer-cluster
12d4QwCwKj2zwCVcpwwhdkrbEHjfkDtmtH,Bitfinex,walletexplorer-cluster
12mKcMszHTdYU3ya5yxBLQhp1HfgDkqbec,Bitfinex,walletexplorer-cluster
12rzdGG3HaMFsE7MkYpEX5YvB9E7qUqk1N,Bitfinex,walletexplorer-cluster
13BYmugkKw3UHgRxeKQPajurpLRjhpEE1X,Bitfinex,walletexplorer-cluster
13FPbyzf2Y5oJqUpDHfsQt8QMukPQx55c6,Bitfinex,walletexplorer-cluster
13VT9amaRZJ247qXxo3kr54CrXgdNwheiz,Bitfinex,walletexplorer-cluster
143grU7zjhQk32MFkg3i3TaUni4EUCAg4K,Bitfinex,walletexplorer-cluster
14FZML8FmmVr43YjAvVSBPdhwuur2J5new,Bitfinex,walletexplorer-cluster
14TLV7Ms7efVLUrYexYNFCZ361CnqNhWTP,Bitfinex,walletexplorer-cluster
15dMQYQqAfhNj3cUPXMuiqVF5G1oEWKmJc,Bitfinex,walletexplorer-cluster
15fYjcCadt5aZyiFveaSrCVgdyFZouyXU6,Bitfinex,walletexplorer-cluster
15ykyQD6M1vQk9PyMXJd4nsJHzEK7RHLkY,Bitfinex,walletexplorer-cluster
15zetdHgZA22s4XAVVBrrJ5YTSsTUjhuMp,Bitfinex,walletexplorer-cluster
165ERUpEs9ktjHx8ymqQ7zg8mjT8wurWVj,Bitfinex,walletexplorer-cluster
16WP5xbvVk9A5wZZaEQFBqz2Cb4ME2puoK,Bitfinex,walletexplorer-cluster
16iu8bQpmCm8aYxPEkWbaCcTrRmDC9uS5d,Bitfinex,walletexplorer-cluster
16ydh3znvBGpBmQpyTT2Kfmakz5P7W6pQN,Bitfinex,walletexplorer-cluster
17dan7s9vaBDotRXt5XfXUEvBnr6ofi8ph,Bitfinex,walletexplorer-cluster
17gZVXZ4g4dEDtiDo7Heg3mWevLcCxe61u,Bitfinex,walletexplorer-cluster
187Wtdn1NmTwq2bZMpLJ85cphGsRFNZjst,Bitfinex,walletexplorer-cluster
18FJAzqBftbXTMsaK1JYwcAifSsmsv8RCx,Bitfinex,walletexplorer-cluster
197jMxWmQgzVq3wAo3ybcwn591kDP1dZfi,Bitfinex,walletexplorer-cluster
19RvJ2MBsnWg1p6XUYi6xwVDHb5wjr85o5,Bitfinex,walletexplorer-cluster
19SEwaY9fyRL9tbyBoKXBE1p4xXFLCAFXx,Bitfinex,walletexplorer-cluster
19VNw8EQWKTmN7u1X15hqyWHrymrCCVWdK,Bitfinex,walletexplorer-cluster
1AWoHw4kYqDdiBLjauL5fe74WCPWoeka9z,Bitfinex,walletexplorer-cluster
1AZmTMCeUbXRvFqGpQdkDzTXoFSWugrMDS,Bitfinex,walletexplorer-cluster
1AdgqFm49hPFWtCtGgd8WTpukBuhiMdiLy,Bitfinex,walletexplorer-cluster
1AisCybQXq1BDhdCpNf1zfbuyi8FBJUrxT,Bitfinex,walletexplorer-cluster
1AkkiPRVrYMoKBvGumQ4KA3VAeDUpAkQTT,Bitfinex,walletexplorer-cluster
1AoGjCpgRNmtFF9AoJw7pyQ45V6mQNmWfC,Bitfinex,walletexplorer-cluster
1As2MR7L3YVRXgg474dercw2SSFxesXMbc,Bitfinex,walletexplorer-cluster
1B1CwPGfd9rETmsk9AawSr865tajqTdrt6,Bitfinex,walletexplorer-cluster
1B8MuMxt3QoGU2Ngg8HXtyy9Qrkwc9Dnou,Bitfinex,walletexplorer-cluster
1Bsw3B5xUrgfp3LHk9WMTSbZVLKAYcFETP,Bitfinex,walletexplorer-cluster
1BycLiTsxX2SwdpHGjnbQFoNU5oySDo7nJ,Bitfinex,walletexplorer-cluster
1C4nqSBnoc6KxqCgXgLqW6txCcwjwcYBpj,Bitfinex,walletexplorer-cluster
1Cc5Te1MZ4dVqUKygmRwFX9GtFuQJfXWu8,Bitfinex,walletexplorer-cluster
1ChSkAhsT2zCM4dnMPKVPqZvmy8CEvitu9,Bitfinex,walletexplorer-cluster
1CkN6W3eFqb4j4C4xRpLcZ6Q2PTdJjRbHU,Bitfinex,walletexplorer-cluster
1CmMKk4zsWk5yZReg4Ln4wPKcnFYTuBw3T,Bitfinex,walletexplorer-cluster
1CtSgJSQAUHdK9VR9zv6rP2zWCD319dgu8,Bitfinex,walletexplorer-cluster
1D2jvZSUvVnQbbaHvxBqyAm4cNHA1pRoaV,Bitfinex,walletexplorer-cluster
1DLsHNBq6AqDR8tqkErLGaXwaoi39n3Q21,Bitfinex,walletexplorer-cluster
1DU6pv3mextRtE1PdbC3YWdC2PjcESBa2o,Bitfinex,walletexplorer-cluster
1DUvE32zPF73D7vAyba5yW7xxJ7u7kznoS,Bitfinex,walletexplorer-cluster
1Dd52EnXoPmYiubDEBv9SDaihsuu4E8gYK,Bitfinex,walletexplorer-cluster
1Dh4tZjFzneQqfYryAFcunYzbyMZEQbHZo,Bitfinex,walletexplorer-cluster
1E5KQmxf71mPLrCNkuxqbgWkRxriL5oX9j,Bitfinex,walletexplorer-cluster
1EF85HtkoqJLvuruuSpUt8FyoLV6kRDRkz,Bitfinex,walletexplorer-cluster
1EFWMicwwC3ZyuZJSvkKrofqmwz63HXHvq,Bitfinex,walletexplorer-cluster
1EgehKpUCCpZ8XkVdAA7w6WmayuVkYZLo7,Bitfinex,walletexplorer-cluster
1FC1BgZbgkpqetdByyBR6GKuFi6eWYSASn,Bitfinex,walletexplorer-cluster
1FQBqWvxwmkmTataSAAa9RpYMV5g9DcMph,Bitfinex,walletexplorer-cluster
1FRuPupcdy3NBiBKW2VGkapJuwuf2GcaTQ,Bitfinex,walletexplorer-cluster
1FVEASn821E6LVNFPQ3X3rXEvtgqmBQ7Zw,Bitfinex,walletexplorer-cluster
1FcLSyBcvSpxRsATGCQxPvWS1uX6RMXUi5,Bitfinex,walletexplorer-cluster
1FiYFw39bGwiYZsseMnqz25iX2sBCCfcj5,Bitfinex,walletexplorer-cluster
1FqgPXZumCXKcn4dgLKnYNn4akTZuXZ911,Bitfinex,walletexplorer-cluster
1G4wYZrdtqrBM2ZDvXfsPQXoxstPTceHqY,Bitfinex,walletexplorer-cluster
1GR87bLeiUpQvyviq8fMf1nHUbF3BQVxeK,Bitfinex,walletexplorer-cluster
1Gfab2KK5BLPv2wERkfGAm7nTP83Hvyd6m,Bitfinex,walletexplorer-cluster
1GgspBiakYDHHVMFZeUKqdajTxgFYo2x4e,Bitfinex,walletexplorer-cluster
1Hbm3EXdSSS5wWpYjHMefzU14avDeQEFaK,Bitfinex,walletexplorer-cluster
1HiSmbVAtKMvm15dCW52JSEvM1Q8STEjTM,Bitfinex,walletexplorer-cluster
1HzCmSh4iVkbme93P1e8HKvEaaGrqqvuPt,Bitfinex,walletexplorer-cluster
1J6snu5ua6zhwgVKWBWTVCi4PaAkaBKxqf,Bitfinex,walletexplorer-cluster
1JAtUdkwcNVcvZQhf3F3ksTQaJXS1gLBBj,Bitfinex,walletexplorer-cluster
1JD5U7pmABH9dyWzwjaqPj4SfSv3Xn4d9S,Bitfinex,walletexplorer-cluster
1JPkpYAuA8JQuM3iKXihGjWVrULbtedDZU,Bitfinex,walletexplorer-cluster
1JTQgn6jTxFPu1G3GNREtWwXoNDhE4rd9n,Bitfinex,walletexplorer-cluster
1JdjFEeVyXFFw8n3JoUwDk45BgqmTVom1s,Bitfinex,walletexplorer-cluster
1JrZWWWPHh8aW6MGPBzwGP71Qk1XW16iKf,Bitfinex,walletexplorer-cluster
1JyLeGv4Qg9mimJcZFVrEWxJgpBwjQcWyH,Bitfinex,walletexplorer-cluster
1K4C3vvnsoZSV711UWmzQgVUyL1h9WRzt2,Bitfinex,walletexplorer-cluster
1KUWA92H6RsLCT7XAWsbL7mLrEBZQnxn44,Bitfinex,walletexplorer-cluster
1Kksk8XpDgP7V4GYZc3qxpo1W7ZhPyXkep,Bitfinex,walletexplorer-cluster
1KukjLJtJkruuv93pYADN3nkTqyjMys3E1,Bitfinex,walletexplorer-cluster
1LqaMeudj3zsvvpt57vpY7DxLUsKgtwnk3,Bitfinex,walletexplorer-cluster
1M3GUnBJbabtmmSy6UFdwq62MQKThurWb1,Bitfinex,walletexplorer-cluster
1M6AP7SwFGnJF7AfYzvrt9xA2GXPcdjQmK,Bitfinex,walletexplorer-cluster
1MAL6Gve3QEvCcDtP2tDLYDnrGjWENU9bF,Bitfinex,walletexplorer-cluster
1MRFkubNb4syprcGb8DSEoLKGnXoVJP2jr,Bitfinex,walletexplorer-cluster
1MYQXUMCQC87iAE4jAhFc1NUBk2mjDA1qs,Bitfinex,walletexplorer-cluster
1MbkPuxSrQeTfs2ruumGJpmGJuJriUkyR4,Bitfinex,walletexplorer-cluster
1MeSGqTstY5fY7CMssPi7GR4ZuboC2QKPK,Bitfinex,walletexplorer-cluster
1NBodLa7B5BREwDvAwznVn7tTauRAS7VYu,Bitfinex,walletexplorer-cluster
1NpatveqWPsPxFXQhrkQTA13uyGbmDapf1,Bitfinex,walletexplorer-cluster
1P1afaY63jp3HkXKafGEvycJLdjkmuetMu,Bitfinex,walletexplorer-cluster
1P6ZpfSTdSCMFd8YM6TcZfehoEw1gkjZES,Bitfinex,walletexplorer-cluster
1PeJQUDcCZorAPQys78Gw6nj25iqkUGPpj,Bitfinex,walletexplorer-cluster
1PeqdU1NyH6coorqvehkQtRxUzDQpddD2r,Bitfinex,walletexplorer-cluster
1Ps2P1w9x2tsGkUcVEpqgKBesRJEiSS5pe,Bitfinex,walletexplorer-cluster
1QAZYxrS1e6zP1dnUZv2s92Jf6WJ2c6915,Bitfinex,walletexplorer-cluster
1cZkNYmu7QLtpk8ReZnMbWbURU53jfPiP,Bitfinex,walletexplorer-cluster
bc1qazcm763858nkj2dj986etajv6wquslv8uxwczt,Bitfinex,blockchain-forensics
# Bitso
11527fVg2u2PHknTgUc1nNiYHyc9uThX7B,Bitso,walletexplorer-cluster
12L8CumUjj2VizphNeiMj14qLPqMzwYYi4,Bitso,walletexplorer-cluster
13evnY9iWZtrW7uq3twyzoo5iLXYtRbduP,Bitso,walletexplorer-cluster
151X29mMsWs8H9Js2pBj4hkAvwMaFF4wR4,Bitso,walletexplorer-cluster
171AB3bHvMCcdnPN8gQicdYKCgUXgu7rW5,Bitso,walletexplorer-cluster
17kgXTvjtdWEJTr5N25yFR4fmkStUYVXms,Bitso,walletexplorer-cluster
17qs9JKh9VtGQfQLoeWQYKZ4XuzVEq63R,Bitso,walletexplorer-cluster
17yk5J4ZVwHLzUmZu7wzMiCw3NZUZm7JCr,Bitso,walletexplorer-cluster
19GQYDJEK9inGs8hom6j7oJEzsNBqe98Ex,Bitso,walletexplorer-cluster
19zuufBYS2aekBZrK6Nh23PYovENNmGBpE,Bitso,walletexplorer-cluster
1AJAPBRWcduABiCEkvwhhWKo8cv5YbwQ1g,Bitso,walletexplorer-cluster
1CdLuS6huJQXPR8ev42dTi2WcNR3ps5QNq,Bitso,walletexplorer-cluster
1DDwrxz5MC98Pfrjp4PcQiErx7wz6FJnRJ,Bitso,walletexplorer-cluster
1DHb1MvC35K2zBnKcGKXPUtczazKCQHSx9,Bitso,walletexplorer-cluster
1Di9zmk2bE3tbb65gJzfxFD9EN8a4yRRE7,Bitso,walletexplorer-cluster
1EuHY7gPSqjoaSsudvow8FTiofVf1VtQhk,Bitso,walletexplorer-cluster
1FzUe4Pe37rD8dFWLKhbihGLGHJi1d1odv,Bitso,walletexplorer-cluster
1HMNvptGnucR8D7NBKqRXKBvX42zwjq32C,Bitso,walletexplorer-cluster
1LVgg3kTSpK3BUypbzDijvKy8a4Yu4UJWJ,Bitso,walletexplorer-cluster
1M2qdVNDuSGaajgktQXB3mroVLiPBgG1rc,Bitso,walletexplorer-cluster
# BleuTrade
12CByhtcmy3ckq4bs6B4BMjn8VNPbowenM,BleuTrade,walletexplorer-cluster
13bLpP83nLEHZxJfdJaMUapzVWznzyx3gR,BleuTrade,walletexplorer-cluster
17fFbwNdhJMJY3NVmjUEY6T8Z5awF7i3UQ,BleuTrade,walletexplorer-cluster
181tyRdHuPsSvXeTdjyRddBvhuZvURW4vy,BleuTrade,walletexplorer-cluster
18ieTfWsJqw78VHjJWamn4wt8Thb6uT2SX,BleuTrade,walletexplorer-cluster
1Mc6yWMqBDrbzdUgVoDX1D4ybJRUrWq8U,BleuTrade,walletexplorer-cluster
1Q9EVkxRhLjeQRW1rfRNueaYvzKDY3WJm,BleuTrade,walletexplorer-cluster
3FAEtHyBERwWUhijnaDjukcESm1kiWrQTL,BleuTrade,walletexplorer-cluster
3FPiAL3ZGaaW2SXfTvMTcrCjRMN1FN4pqa,BleuTrade,walletexplorer-cluster
3PUN3gNGVA4A5WArcACRZpmUDwornNeQrL,BleuTrade,walletexplorer-cluster
# CaVirtEx
123xjrf3knrqCEWvdTfs8EZxKqDNafgWci,CaVirtEx,walletexplorer-cluster
13BR1SXbsqChZWeoHngNNvevtkMJ7nzsjy,CaVirtEx,walletexplorer-cluster
14MkjiiZ4SnN8bL1cJuRViAACyNsM6aUDz,CaVirtEx,walletexplorer-cluster
1ADjBN92r4stb8wsqNhr4Rbt4gi4P8TdNZ,CaVirtEx,walletexplorer-cluster
1AdVABFi77GTdPL6NBmT6LJSedwxXucB5N,CaVirtEx,walletexplorer-cluster
1KLq9XRKfFZV8iM2iCgSFQ7o9uTibXy1Yq,CaVirtEx,walletexplorer-cluster
1LLMSCG3yycYPKm5q13zBFpEGUm51Pcx1E,CaVirtEx,walletexplorer-cluster
1MQiyWm4tycqkBBATfnSPxsPvxPwmYUGcW,CaVirtEx,walletexplorer-cluster
1NjAPxynACKu2hz1eXWyeAd2nJbCYko9Gx,CaVirtEx,walletexplorer-cluster
1PjTMEST2xDzpn2PGAuThtzN1uXSBRimC2,CaVirtEx,walletexplorer-cluster
# CoinJar
113SZQ4N7VL9okbWfTjNxMUoH24Ec95SzL,CoinJar,walletexplorer-cluster
133HUSC75QkwGWwMojhyfUf6sC84tNvfqm,CoinJar,walletexplorer-cluster
13674Yivhni7hctD1K7rqSVzMsvWLSKnj7,CoinJar,walletexplorer-cluster
14EK19jiBZP14AfDSgK6or6jxNw1WDDQSN,CoinJar,walletexplorer-cluster
14G3W1iMrWMtXMpc89czkEZBf8zuif57N9,CoinJar,walletexplorer-cluster
14fxUCq57j3yuBqUAscFN3bkXAKW93kFQA,CoinJar,walletexplorer-cluster
17Pw6Yq8FrouswmfYhWPWSPywjcYRmftHe,CoinJar,walletexplorer-cluster
1Ar71DrzLxDwbTSWCMyAYPY7rNV3bpsDAD,CoinJar,walletexplorer-cluster
1BewmHiMfYTFrwEuTEUqYjLRj6tam2w3e6,CoinJar,walletexplorer-cluster
1E5iM4SRuQraWaetjUpyRVkTQRZ8pUZxhg,CoinJar,walletexplorer-cluster
1EueKiYnkoPzdAdXNtPcGWa4w9TMMt7zZ5,CoinJar,walletexplorer-cluster
1GCSwX6ZSfGczSGhYyk6yo7ExAURp4CQvG,CoinJar,walletexplorer-cluster
1H8ateCTAubbTYwzDuTKsbXkLkgwu5tssq,CoinJar,walletexplorer-cluster
1McDpMvyztoPG7r154zjFaKQ26yGb8D9fH,CoinJar,walletexplorer-cluster
1NdgTJvVctXD9bwtEh1TrbLmRESod34frg,CoinJar,walletexplorer-cluster
1PC1XxBV3UYR3ymRXW12wKkk3u6Xm6ryV6,CoinJar,walletexplorer-cluster
1PDA7r2MuAbHAAq3zQwXxeLPCvBaB6mSY3,CoinJar,walletexplorer-cluster
1Q9YxVRVq8EWFUvDrZq8xoJUiaxCrKHLsB,CoinJar,walletexplorer-cluster
1QDVeUgAu2pokY9W2bodkFqDmbeT8mQ7Hk,CoinJar,walletexplorer-cluster
1exUP93whNTaLbMvre9uBLuTvee26MbMa,CoinJar,walletexplorer-cluster
# Cryptsy
124mkM5aVUZpdMazWVXX56DQd46hKzvhHV,Cryptsy,walletexplorer-cluster
12YJ9uaWS4nWzBxRKSMSkY2T9CFvd8gN4M,Cryptsy,walletexplorer-cluster
12qJQvP56NvjTPDj92bFt9bLYf9hvFXajt,Cryptsy,walletexplorer-cluster
138cr34fNKubV19ezkXjWBhvwzv13ix4yv,Cryptsy,walletexplorer-cluster
14LSJVAgNf8JMbvqXZ3DuknufkkAQ9Yg21,Cryptsy,walletexplorer-cluster
14T7Xp29FhYMdNQYo2vT2RyVamLxdWYWK2,Cryptsy,walletexplorer-cluster
15S5kQvhpGvcCbjK7j44JQUY84nJbNRysF,Cryptsy,walletexplorer-cluster
15srHazeix36eme7nK2QKioeEV7xo8fCUV,Cryptsy,walletexplorer-cluster
16rHJdsLwSVv3RKqeKupPo62b2w5dXbPv5,Cryptsy,walletexplorer-cluster
17qxN7FEv8hXcwVbijEZSkm2owMqSYsAnC,Cryptsy,walletexplorer-cluster
17roc8nRFzJ2KgvkjTAfAW4ouRYxryncBX,Cryptsy,walletexplorer-cluster
18j1tSmbyojKTpSQp1o13w8DtVwheJfoMQ,Cryptsy,walletexplorer-cluster
18jLrPyicWe4FVDEkWv2mUXgkBvZ84chx6,Cryptsy,walletexplorer-cluster
19Tv2pVLTEfxaBb92iAS8ErMHkq7Mp1Ejy,Cryptsy,walletexplorer-cluster
1DpeL4a14BwArkPcUzxPYk4bhP5pUTKuvM,Cryptsy,walletexplorer-cluster
1EzK7T326C3eU3pi4MWFDzUptg143vV4K5,Cryptsy,walletexplorer-cluster
1EzzqmUxGdmTsAoo5kupfE8KtiMqm9v6Cb,Cryptsy,walletexplorer-cluster
1HLvc8yvFDDU6YKtWj7uSWV8tDd9Qw6KeD,Cryptsy,walletexplorer-cluster
1MFZHu5KnVAdKjeNJ6JUJdk59YzYfUVsMr,Cryptsy,walletexplorer-cluster
1MT6dBP3r9XeHMQYASRD3vNNpiLoHfHmgQ,Cryptsy,walletexplorer-cluster
# Korbit
16jce8CbnyF2dYkBzrXKEdeG2wGMwShkPq,Korbit,walletexplorer-cluster
16qaBxqomiNWFon94Ymd8NJ5zFGGFVGncZ,Korbit,walletexplorer-cluster
181acE6XdV4JToqMFRNmmKDqtir84Cmaxz,Korbit,walletexplorer-cluster
18rWxfA3Qv6uFKwKexGtskPxsC6BZFPKhb,Korbit,walletexplorer-cluster
19Ls2qFMEztRVgSYyFFtFReEbhGUsuHHdX,Korbit,walletexplorer-cluster
19iGtbDzXSASmcyJFbdgCiFikZMRpVaMWp,Korbit,walletexplorer-cluster
1AvGPjBB3PcdhLYwy7twKFrPwpwJ1iv9pF,Korbit,walletexplorer-cluster
1BNSSSwGATcVHAdmSXviYYoeHnps9PhGL,Korbit,walletexplorer-cluster
1BcuvsuTQ3torbthN4vYeQPhfdPY8KM2cY,Korbit,walletexplorer-cluster
1BsFwcxmUKpSNF3o4ZwSRPF4h3Z2s8vefB,Korbit,walletexplorer-cluster
1CsTzASjqs8f63pzcw5f9LJoi2i1HLwKjd,Korbit,walletexplorer-cluster
1En5ErLPzF9RMeP8z8hjna3SMjGbBXRnL,Korbit,walletexplorer-cluster
1GoxkdmiZzFKwndzGihHcW823uoxqc7NAh,Korbit,walletexplorer-cluster
1GrCCd4mSvxLqKFzs8Pbny9qBqL65LFKJp,Korbit,walletexplorer-cluster
1Gxd9c2VuLcQjee1tubhHSJShrG6TbyUcY,Korbit,walletexplorer-cluster
1JeyZBDbJTz5d1rfSkGqywzwX2AWySUByW,Korbit,walletexplorer-cluster
1KHFeyp2Sb4xXg1rjnNRi4c8yhb3XDSTSC,Korbit,walletexplorer-cluster
1KkraRR2rqMz3R9683EjYTASFbz5tmdySv,Korbit,walletexplorer-cluster
1Nh6sF7Bgxbeh6cEt8R8hRR4vuLWdcmeoB,Korbit,walletexplorer-cluster
1QJ13PRLkWBF4s1XGKUMr9AbmtnzuBH7QX,Korbit,walletexplorer-cluster
# KuCoin
12FACbewf5Fy9nmeaLQtm6Ugo5WS8g2Hay,KuCoin,blockchain-forensics
1TYyommJW3uhjhcnHhUSuTQFqSBAxBDPV,KuCoin,blockchain-forensics
# OKCoin
12Guz9u47GMsnqgLxo5yC5qbtbzAX7Hqxa,OKCoin,walletexplorer-cluster
12NnaNga66HzQp2sBPRm3kkJvAeazJCKE9,OKCoin,walletexplorer-cluster
12fVyemsxhrsnrF9VCJbRzPtMcVanJmP4i,OKCoin,walletexplorer-cluster
13D41vrEarK4mpmZvwUoTpo4mcjrYEU33M,OKCoin,walletexplorer-cluster
13KvKbpJ8VDZy9x39HmdnUcRDkw6FU451d,OKCoin,walletexplorer-cluster
13T9y8u8prqvagFypK7DpnEcG7QHgkuPKX,OKCoin,walletexplorer-cluster
13XEC8VBNvuYMyNx5wTtpwCGEL6DW9MQCv,OKCoin,walletexplorer-cluster
13oTXxKtwoS3GjLXysTCy4EYq1pFuoLjhb,OKCoin,walletexplorer-cluster
13va7xTm4HQ3NMQ7GVUPFfrdffUqy39Qsc,OKCoin,walletexplorer-cluster
13xr66DhtxtcSVDdYRUoAFf4TQojaFLJjN,OKCoin,walletexplorer-cluster
13yPMA67HaMa2TVboTdodp1BYw3BEMEdNs,OKCoin,walletexplorer-cluster
14Ezos8TABLoJhzGoYxrrcM5QYCobbFwiG,OKCoin,walletexplorer-cluster
15KZFKQLRxJ4AcMTnYns2r12HAVPs3nbyH,OKCoin,walletexplorer-cluster
15XtoasEnkPnfdwKDoNRYKN84yhRXkt2Tj,OKCoin,walletexplorer-cluster
15uctjhfCDhbjTTPZvUteum4DrHb8vcuVV,OKCoin,walletexplorer-cluster
15x9a1paayi8izcPsCN6NJERjfTUZscjKb,OKCoin,walletexplorer-cluster
16ZFK6PRAtL7hhMAyP6FBXrMzS9WWodord,OKCoin,walletexplorer-cluster
16dhND4CK52imjrvnzwboWMFnU7rnSPcCa,OKCoin,walletexplorer-cluster
17WSNnmmiJzk2DRQYi8hksnNj2JPzp2yFg,OKCoin,walletexplorer-cluster
17tiCS48mCPjkzzdubqkWdDwwtJ9i5soPo,OKCoin,walletexplorer-cluster
181a8dhM3MGTzLKBHASx3Pv6mcyNbkHNYM,OKCoin,walletexplorer-cluster
18qfweby4AxnUHkbAJSfx2W92raKw3T9Y,OKCoin,walletexplorer-cluster
1942mhPQBodHHLUvQtz5Uk82RDHyzAqLNm,OKCoin,walletexplorer-cluster
196p4UsNjZwq5wygMAswVhboyyfpjyrhq2,OKCoin,walletexplorer-cluster
197oJMMiKkwa2SqejrbPHSNi3V4Yr9ehU5,OKCoin,walletexplorer-cluster
19Bvv3YbhfndQN7814pSMcm41754tWNxNs,OKCoin,walletexplorer-cluster
19NsF6oQMdFLNREHA49o3TY13TKQk7HaEM,OKCoin,walletexplorer-cluster
19Ucf3o2QZi4zQToF2EHa7A5N1ua3gXpq3,OKCoin,walletexplorer-cluster
19vtVvVSbLzKTsrndadsgJcyq3RveWPG5E,OKCoin,walletexplorer-cluster
19wHwMxumg4bQULF5mpr7jFbiozD9RUMRN,OKCoin,walletexplorer-cluster
19wtRYkewmxsQJp4ntgfihtfmf3LUc2DqD,OKCoin,walletexplorer-cluster
1AANfZpPg3JDB8QxXJvUjaGuRUnC7hR3ML,OKCoin,walletexplorer-cluster
1AX2WGCkGEkCWzP3hBNwBhDQ6bHY3EGNH6,OKCoin,walletexplorer-cluster
1ApQfqYSypGUtDiizjEk1ZeKXnQ6E9LK7,OKCoin,walletexplorer-cluster
1B3EuSu7mTgLXeLbZ6SmU5cmr2rMLjtf6C,OKCoin,walletexplorer-cluster
1BAVHJkJMjnzHMPTgRQP5wpJyWDYVzPMdi,OKCoin,walletexplorer-cluster
1BDDrZSXhsZVPhV2JyjpugTTNgcNe3Db3c,OKCoin,walletexplorer-cluster
1BXZifc9csT8pxWH5D3TY4wxbQLir64cgo,OKCoin,walletexplorer-cluster
1BcRfca3QkPADPnizVJPUZXaaEjVTCucaQ,OKCoin,walletexplorer-cluster
1BejMo6TbAM1WeMDxPLmTmx1hdrKtZhYEe,OKCoin,walletexplorer-cluster
1BfzPRSPTd775Vt9KbtHpqXbxJFEd5fQkz,OKCoin,walletexplorer-cluster
1Bo565wEcMjuMab9mVYRfy41hv2vF3is2B,OKCoin,walletexplorer-cluster
1BoY1JjPWyy9PuFcQM3KFf9DazGxZZBuqA,OKCoin,walletexplorer-cluster
1BwRgLi1e5Yv3fpL9VZmzr27wMeey7Pc2o,OKCoin,walletexplorer-cluster
1C23yq1MkiEPTtK36v36FpySrn5yaPYNPd,OKCoin,walletexplorer-cluster
1C4T9u55LhE15ikNoN6XKwmfiqLWaBN6Pw,OKCoin,walletexplorer-cluster
1CtuQxUcMFzdsMQf6et4fjr9vcRtaaYd62,OKCoin,walletexplorer-cluster
1DAe6wXTzwzmTUNBJsnsN55KELvWoF49K2,OKCoin,walletexplorer-cluster
1DYBKHzEbw3TkbFvjZ8TerHh6R5ZuzUtxQ,OKCoin,walletexplorer-cluster
1E6SFFemL3bZYA9GuKEPhQ8mk4JSFcYPFf,OKCoin,walletexplorer-cluster
1EJ1QtVdLuoJyJxi2b7YEfup7fryuxvkGF,OKCoin,walletexplorer-cluster
1Ei8PNkWU135hqinpqCRP9ML5njHGAz8Hd,OKCoin,walletexplorer-cluster
1Eq6aeU65NgmuxZ88NPw4pMW3R8omFzsjv,OKCoin,walletexplorer-cluster
1Eq7JKdb1sx6aSLMSS4oC1SjcGmE327Jca,OKCoin,walletexplorer-cluster
1F3rKLPp75MprgtvMt9jxQELQUKfJMj2iU,OKCoin,walletexplorer-cluster
1FB1i2T72o4fxA395ZqtiMyqjanMKcdjM9,OKCoin,walletexplorer-cluster
1FcyiRqAQqporVRJ6u3ktZTNXHtcUqfqv5,OKCoin,walletexplorer-cluster
1FmFqnP5uQvkSPcRm1VY7Gsjp95wRYknBR,OKCoin,walletexplorer-cluster
1GC3JQNm6viNQESfCXoFWaXkMj4rG8FPHX,OKCoin,walletexplorer-cluster
1GHxHr2Vn7BYwzwFQY3yeuGCYDo4vnStAU,OKCoin,walletexplorer-cluster
1GZfbm1F9yPc6VfnN36JD4yHgA7s2VXc82,OKCoin,walletexplorer-cluster
1GcTvkZuxdgJgYrUVFQmNh56snzhixyUaS,OKCoin,walletexplorer-cluster
1GkYvZQmTrSFBohvvPtU1m4oLumzeC9ee7,OKCoin,walletexplorer-cluster
1GuYn3UacyeMbPxTyGem11mosNPcw6PWfW,OKCoin,walletexplorer-cluster
1HB4Z7Gk6yj3jd5vHmbeQ4h4REKdYcUhUX,OKCoin,walletexplorer-cluster
1HQLxtACiyR61ecg8DQNEL2TjVhExsAtbG,OKCoin,walletexplorer-cluster
1HRTMdx6QvMaL1BEkgYyCsvgpkbqg2xxy3,OKCoin,walletexplorer-cluster
1Hc1BRCjEyjJUYi19e3ZAn85utgpKTEbFz,OKCoin,walletexplorer-cluster
1JARMeEWXEBReVRvC13syVm12qb8L6t1Lf,OKCoin,walletexplorer-cluster
1JNgdL8WJkDnqkxKoqiJPXWGt7yaqoqaUW,OKCoin,walletexplorer-cluster
1JRN8SH1LuWnY8fgKdPupMKFgRxRtL4MTJ,OKCoin,walletexplorer-cluster
1JWd94gmBFnBoq5Fe56Ynk9ioJ5HkCac4P,OKCoin,walletexplorer-cluster
1JZKDNnv6FS3sVg57tW7XwhUthtaMYjTRJ,OKCoin,walletexplorer-cluster
1Ja8xD3Zqps9KrTGZK9GQTmc15UfpKs6Dc,OKCoin,walletexplorer-cluster
1JdXuWHRrVPTRkesF7mwBBGoHiBfvH2aiZ,OKCoin,walletexplorer-cluster
1JjUZRP3WH3opLsu9WgPDZcHLHmLbVXsoc,OKCoin,walletexplorer-cluster
1Jttrcn1nT36TWq5eWTnB94j8uwxEoPSs7,OKCoin,walletexplorer-cluster
1Ke79m6KCAt9iKHi7zzqEL6PWhmjpqWZJH,OKCoin,walletexplorer-cluster
1KeRJKd46RcZFBnqbPnxJcdo7bFUzTqoEP,OKCoin,walletexplorer-cluster
1KoNGKbDWLiA7a5YjzKi7YisqWiCZvDkMo,OKCoin,walletexplorer-cluster
1L55msvNmn3tW5WCbyzZ7CnXDhRHzgkLYq,OKCoin,walletexplorer-cluster
1LHrPzjMhCxgn49A9EDbkQEie5oqzZf68f,OKCoin,walletexplorer-cluster
1LMiov4uiHAB6zLqAX5ShQt4bpi3wBzqmM,OKCoin,walletexplorer-cluster
1LN5yqUanEeZqW8uraxc6iPQyKS8NHCodM,OKCoin,walletexplorer-cluster
1M6T2HkVfKRr6GCAseXjzUA2Z4DxN3E4T7,OKCoin,walletexplorer-cluster
1MDoQuG8umWPMBYfk5huzCTEdgT1Zx1AaJ,OKCoin,walletexplorer-cluster
1MV1w1bfTm2MStWuwfHcu3DfLczcUyypXc,OKCoin,walletexplorer-cluster
1MsuyRk9NfPFuL3aJUQziKScMkZgkLLHno,OKCoin,walletexplorer-cluster
1N4JM9J62zoiHtsyBGvfPt2t8VYSQwZfnb,OKCoin,walletexplorer-cluster
1N6TZMW3tb6Ht9mpmB8w3mcdUtzhPFQVGM,OKCoin,walletexplorer-cluster
1NUTCdeMuDDDPHYgVjtAnVCoimCp2xFSpF,OKCoin,walletexplorer-cluster
1NZ8qjspVPcPjHe2Y649QXWfFXFfo8jDt4,OKCoin,walletexplorer-cluster
1NhyQRhCavnGjgNrWBSbEjyDkjNh7tzESo,OKCoin,walletexplorer-cluster
1NjncXQibyR5Ch5Nb9NvdEZiXGTut5pVsf,OKCoin,walletexplorer-cluster
1Npr57NAZ1BL96t5fawtHJsw6JJzTY9EiN,OKCoin,walletexplorer-cluster
1NsEpn3kcpRTPB1owtMnG2VG1kHVRMyCRw,OKCoin,walletexplorer-cluster
1PRbfZ4bnnHNxvaXpPCqd2chANpmXe4Wti,OKCoin,walletexplorer-cluster
1PkVARXSgjKKUcjBaYB8dcSMULejnrR2ds,OKCoin,walletexplorer-cluster
1PkfxMRkk1Xvyx7Ca4Rg1DvradL7kQ9c3c,OKCoin,walletexplorer-cluster
1PmorchZH8xxKBtN8Ftyio2uiRQXtNU7iD,OKCoin,walletexplorer-cluster
# OKX
16rF2zwSJ9goQ9fZfYoti5LsUqqegb5RnA,OKX,bitinfocharts-richlist
1CY7fykRLWXeSbKB885Kr4KjQxmDdvW923,OKX,bitinfocharts-richlist
1DcT5Wij5tfb3oVViF8mA8p4WrG98ahZPT,OKX,bitinfocharts-richlist
1LnoZawVFFQihU8d8ntxLMpYheZUfyeVAK,OKX,bitinfocharts-richlist
39wVd42giU95ca39sEPkbPTpWygvsBDuA5,OKX,bitinfocharts-richlist
3E5EPMGRL5PC6YDCLcHLVu9ayC3DysMpau,OKX,bitinfocharts-richlist
3FM9vDYsN2iuMPKWjAcqgyahdwdrUxhbJ3,OKX,bitinfocharts-richlist
3MgEAFWu1HKSnZ5ZsC8qf61ZW18xrP5pgd,OKX,bitinfocharts-richlist
# Xapo Bank
1367BSnpQZ8JagnDvSURQdooUdZApsEYgL,Xapo Bank,walletexplorer-cluster
17LCpUaEaMYpRfYjHGaPcgn1tp7bsErR3d,Xapo Bank,walletexplorer-cluster
1A15zRXCNcrqw1j5vZV9EG1wnsg4TBD615,Xapo Bank,walletexplorer-cluster
1A8jWLjUF87oANgDre2ES6bpuARipm4q1W,Xapo Bank,walletexplorer-cluster
1KQjhxZx6nAzfQ4txKrPcwkT21QBvAuMwz,Xapo Bank,walletexplorer-cluster
1L4KCg6Q7gVRPwK2SgtdVrYbuTFRvWos2J,Xapo Bank,walletexplorer-cluster
1Nu2K2ZWdGYWaTyTAbXLgBNWGRcyN3pY7T,Xapo Bank,walletexplorer-cluster
1PQjqn9kJDTsMXQbcDYoVyQjDmKP5yGpqD,Xapo Bank,walletexplorer-cluster
1Q2j3K9XTcuLtW77ujdD17qQ3ZVo1aJUHk,Xapo Bank,walletexplorer-cluster
1Q3coeqkKSir24Sc5yHcWA7vWGYKi2WjLy,Xapo Bank,walletexplorer-cluster
1ZoHQyPGHQdSLx99eyY6ahfsyUzEXecTt,Xapo Bank,walletexplorer-cluster
1mLDuepK2WRSGHbnrdyd8mfYCRRGbqggX,Xapo Bank,walletexplorer-cluster
31pwBGMkFk49vdUizoetEmVNzRVNdRMsx8,Xapo Bank,walletexplorer-cluster
32CCzqFbnVGwy3f1edgotoX43QUHLDRAM8,Xapo Bank,walletexplorer-cluster
32GuLFS3fiZ2WMPwpZKizoxPcbjjFZCeVh,Xapo Bank,walletexplorer-cluster
32JARmUYMSxGLsEXRsY29diuuUmArfpApJ,Xapo Bank,walletexplorer-cluster
32QSsYmqJejtRo8hQnAEy2cmPYhLVygKKe,Xapo Bank,walletexplorer-cluster
33vBrEMZzAJixeTLPhx9JLB4Yj3wWANq9j,Xapo Bank,walletexplorer-cluster
3458VUxz8rqDHTbhftwt6fCPTRy2yHR3jN,Xapo Bank,walletexplorer-cluster
34LJNiftNWZ6J1eZ5uRNjWxcxYTRnrbwV3,Xapo Bank,walletexplorer-cluster
354BfFxLizqEPsSs1hu2opy2gnoR3PRqJH,Xapo Bank,walletexplorer-cluster
354mTDg5ewFxfSAwNST1viYpt4rgp3qWcp,Xapo Bank,walletexplorer-cluster
355KcSF5ABCfPu6kS278WtdiShaQTom1TS,Xapo Bank,walletexplorer-cluster
35BqU1LtPYJUn9P1skm4CbWGYYxwXDXDax,Xapo Bank,walletexplorer-cluster
36WVLkdtAUNc3kHV8wHmkhm3R5F9hvRf9t,Xapo Bank,walletexplorer-cluster
36YNuumHfeNEihLwzemfgEMPX171fUSvCs,Xapo Bank,walletexplorer-cluster
36uec6cXpKPx6akZ2nxsNyThdFLXvF8ERa,Xapo Bank,walletexplorer-cluster
36zHGPpHLcXd34UWmUy4vBDPJ2GwMuNwoh,Xapo Bank,walletexplorer-cluster
371q3Gq3GPEWtjL8HaknWJuwuDocJAPdAC,Xapo Bank,walletexplorer-cluster
37PnurPK2cYouaD8n4XnxzkEaX8DDPSFuN,Xapo Bank,walletexplorer-cluster
37VdUdEAQJAbxQ1fzRb7ojphQ6M29JbTsC,Xapo Bank,walletexplorer-cluster
37fu9rmxXzoPv15bTvkmzd3vGA793VXpE5,Xapo Bank,walletexplorer-cluster
37hgFVUVTNg3HxRtRVtdG6npGuLQn1afDb,Xapo Bank,walletexplorer-cluster
37npTQHVEqCB1d5eZ2sUt4LPCEHdA7gnMi,Xapo Bank,walletexplorer-cluster
37sHGDicfW4PdYJsnUrxidT4sxX8X75wqZ,Xapo Bank,walletexplorer-cluster
38Ef6hftZ4YfAQ6DU7RP6eASsmfc32DdJo,Xapo Bank,walletexplorer-cluster
38hP7pnCJjYxbsAV14xY5sL7LLDzWxtEKC,Xapo Bank,walletexplorer-cluster
39hRBNmJ4MLbxNMbv7xoUXequoHWLyynyr,Xapo Bank,walletexplorer-cluster
3AMVL2Ht1pz1SqhtoAhNkbhJ1JRLcbWhbq,Xapo Bank,walletexplorer-cluster
3AVJUPtHAbdwdiKA4MaY1uLqcru13aho8S,Xapo Bank,walletexplorer-cluster
3AjdPhtQbucj6zSUDwCRvkcnGLBonGdQ9o,Xapo Bank,walletexplorer-cluster
3B7FQwyX5jS1TZQNf77PpKKQ47eJTSpTer,Xapo Bank,walletexplorer-cluster
3BJMMZ4NVpEEtK5ekTcnK6oBK2Q2K9gn3L,Xapo Bank,walletexplorer-cluster
3BQrkCaCEfdy6JoBTUrdWfGwUcZAqDbAYQ,Xapo Bank,walletexplorer-cluster
3BS9wPNzbhtjbfQvqNt7Zn4BXPhXevywiL,Xapo Bank,walletexplorer-cluster
3BYVBLAP1yZdihGHqWUagjoitgkMfXLzE4,Xapo Bank,walletexplorer-cluster
3BssZgYUGwnFDhY8EyFBtQoiyfn6VDGWnc,Xapo Bank,walletexplorer-cluster
3BtmwbfVHF2piUGwJxFHymKJpfd1ZNWqRu,Xapo Bank,walletexplorer-cluster
3Bu1F7dUCmezVrTgnaCN6Q6vyXS4DV37cC,Xapo Bank,walletexplorer-cluster
3C9zZxd5GX4tSrHZMSrBFTzeQHF9zuWMcf,Xapo Bank,walletexplorer-cluster
3CNGGCSuc6KFESsphMYbPdR6dNqGXGnYv2,Xapo Bank,walletexplorer-cluster
3D3gQz98dYq4auarRkxFoJZYQevwgcwRUQ,Xapo Bank,walletexplorer-cluster
3D5UfA6TJ68owWkhGnvfwkNdEDxaKaNS6r,Xapo Bank,walletexplorer-cluster
3DDeaeSF4ukxs2y6wsppc9zZst9JEdy1r2,Xapo Bank,walletexplorer-cluster
3DgLSrAXeY7N8AJ2RKjXqNTpebvSjzLzUQ,Xapo Bank,walletexplorer-cluster
3DqrDxbXLY8KuQyoLtqWw9GHY9Kj9X1piV,Xapo Bank,walletexplorer-cluster
3DvFp1inWiDPeS4NUfnXJgjuCESa5YUvof,Xapo Bank,walletexplorer-cluster
3DvRGkcoUFLWDJLtJugAR5DFLBfKN2eQJz,Xapo Bank,walletexplorer-cluster
3EDTFJo38AV4N6zM8QpS7yPHNw6LW3Qfou,Xapo Bank,walletexplorer-cluster
3EYyfuqH7zMPUJYymbNsLjYBG2pxGjgjDe,Xapo Bank,walletexplorer-cluster
3EiS4CoWnZ3uNXSnGmBBBe6BWveDp94FMK,Xapo Bank,walletexplorer-cluster
3Er2qGdoQF1C79uJAco8mmGb5g9n6UABxi,Xapo Bank,walletexplorer-cluster
3ErANKbsaAxbC7LSW4LqYXKM1sfQhEfzjc,Xapo Bank,walletexplorer-cluster
3EyV7SdKWiXT81bZEdVqM1xrq7e6me9pY8,Xapo Bank,walletexplorer-cluster
3FCYnrE5cEV5zgEtNu9cefK1foihTHt8dK,Xapo Bank,walletexplorer-cluster
3FDNB63njLW9UmJNYghENzwmAADpJ9g4er,Xapo Bank,walletexplorer-cluster
3FXTykUWe6apKuptKBxxLLLYfUgPy7jgF6,Xapo Bank,walletexplorer-cluster
3FgkBvucMBUM29JgLZxRFKM6i3Sm3qeuSe,Xapo Bank,walletexplorer-cluster
3GiZi7g9ywnrbBhojFuxUTanJFXCtLbzAs,Xapo Bank,walletexplorer-cluster
3GksksGsvr8JweZaZoK8mu6RgeiK3CZK2G,Xapo Bank,walletexplorer-cluster
3Gv53ro1QrSxRo2Bj3RdLcKk5ZLzGS64zr,Xapo Bank,walletexplorer-cluster
3HPF1x3g34oeiakfmrUb8Ej6mbWSj8CpZc,Xapo Bank,walletexplorer-cluster
3HQJxVMhEQd5vzngtzwGRccniNqBMeHQrd,Xapo Bank,walletexplorer-cluster
3HxnXPhArTodRDbUrV2BxfHza24ERzxGjc,Xapo Bank,walletexplorer-cluster
3K4dySg4x1Vup4YtSyaPynKvTBP2zWU66y,Xapo Bank,walletexplorer-cluster
3KD2BzXJoxwni7DtfycHSSHT9T8KGJdUfD,Xapo Bank,walletexplorer-cluster
3KqzFurDsi8Y5eCMLUesAr1z7PgNKX2GqD,Xapo Bank,walletexplorer-cluster
3KsGBGFmyQi8k7cKZeqLg7Nxtabb7kEkxK,Xapo Bank,walletexplorer-cluster
3KzEtNM5gmStHyFG4nxomv9HyLjzPnBh5R,Xapo Bank,walletexplorer-cluster
3LDft6PB3qvhqWG3JeCxPBR8bmCLau2Juw,Xapo Bank,walletexplorer-cluster
3LDgjfPzyhyDeFXWwEfMF4Esbjf7qe2ACq,Xapo Bank,walletexplorer-cluster
3LKb9K4qR7suZL5PQj2bBtaQeERpqv9sa5,Xapo Bank,walletexplorer-cluster
3LRrNUHUd7fURdnG1wVNtsPzd7w8v2qM8f,Xapo Bank,walletexplorer-cluster
3LgiJD4BzCaFBsw7hATTZWBByD9cQSQZxQ,Xapo Bank,walletexplorer-cluster
3MDy74qRm26WoZCde7BT6brnM74jvo5ga5,Xapo Bank,walletexplorer-cluster
3MYg111R7ScsUtMMR13FsVsXyP4hshVsd1,Xapo Bank,walletexplorer-cluster
3MzM6wZKNvV7Q5EH4r4tdVc3LVz57CU6GG,Xapo Bank,walletexplorer-cluster
3NMD6WsSXbuxneAvjDx2PQffP4L4XntHe7,Xapo Bank,walletexplorer-cluster
3NgF4YGX3nh1AK36Ewwjfh3mWy3vNbZ3k6,Xapo Bank,walletexplorer-cluster
3NrvF3oR6sJvwzBSyxzjuVqoh4T4EQ2oAV,Xapo Bank,walletexplorer-cluster
3Ns4RTpU8cjQbinxA9LqzjD1u2sgcBCNFm,Xapo Bank,walletexplorer-cluster
3PDYQWnHNxGwcti3AtTtgCjB42B59zYJeT,Xapo Bank,walletexplorer-cluster
3PE5HxqTaeovir34G2xxbHH9RdPLV3gArt,Xapo Bank,walletexplorer-cluster
3Q2Jk5YXqTYqmV4VcHcaHmKBvf6vzBzTse,Xapo Bank,walletexplorer-cluster
3Q7yzzqsxtHW2hsugkpxUD72xnpYoUVrF2,Xapo Bank,walletexplorer-cluster
3Q9TSBxRMRgruzmEA711gqz4MPFeZGmnCY,Xapo Bank,walletexplorer-cluster
3QHNZFQBnQDCzUDx7D1N9WdtSNRQht6Dqy,Xapo Bank,walletexplorer-cluster
3QJh4ZnSPBMgRFcADbxQoaDMByDAYRU8mF,Xapo Bank,walletexplorer-cluster
3QQY2jDUjRFCXSRnWydPLH5GRfniqmmbbj,Xapo Bank,walletexplorer-cluster
3QuBuAYS5ferkySb1JE3VWM4ncWVpWfcyn,Xapo Bank,walletexplorer-cluster
# CoinSpot
134SMxxas6b5Ng1h9nr3cS8P8K4Pk5hKzt,CoinSpot,walletexplorer-cluster
13qBs6J5HMx2atwtX9dCKyeKHJ7p8SCVCv,CoinSpot,walletexplorer-cluster
13sUoM8NzksNcqvTgEhdSqxgKatfQJ3SwP,CoinSpot,walletexplorer-cluster
14p92hXmwY9ZoHrYRTZzhDWn5gJmskaVgj,CoinSpot,walletexplorer-cluster
161GstYqTw8vNDmvJU1t1o2nKKzJdZzwfa,CoinSpot,walletexplorer-cluster
19Wn2EcdZRpnUZd7oVs11PH4xMoEcnHfvu,CoinSpot,walletexplorer-cluster
1ANRDDtmMRzUDYMXS64gdp6jwkNH14CEeZ,CoinSpot,walletexplorer-cluster
1B9EuqZHut27bhs8buANR48t1Hnk8J7JUW,CoinSpot,walletexplorer-cluster
1DCfmNNf5XmsjCHd9vHrcaDpcz8KeNTfJw,CoinSpot,walletexplorer-cluster
1ESEG1pyd9uSwFvgCLwPyMKMT5mxuXyJUd,CoinSpot,walletexplorer-cluster
1FijphUT1ahUfna6DFSgA26NJyEECAt289,CoinSpot,walletexplorer-cluster
1GBSXv1e2sNbeQo5BwF4BipWF5DqsumBs5,CoinSpot,walletexplorer-cluster
1HSvJSwo2AVJPzhArnZdY51Fs3ntoLR2Vh,CoinSpot,walletexplorer-cluster
1HTPzb9rVRh1m5oZkM6eRENfRCFU3PnoRw,CoinSpot,walletexplorer-cluster
1HuNzKAAwnV8Gp2RYFxjrDPoegPiuh6gCM,CoinSpot,walletexplorer-cluster
1JrcSPyvJ87rR4WRn2CUHvmNt86tCe3zdv,CoinSpot,walletexplorer-cluster
1KEQVbjCaCeMUenT1LkxgiGjhcfHjpSsQT,CoinSpot,walletexplorer-cluster
1KKPhEQVz8e6EBk69LJu4jzczeqr6szLjY,CoinSpot,walletexplorer-cluster
1MHWB6gukQCHqbwC5bH5oYJDkc535ppjvo,CoinSpot,walletexplorer-cluster
1NxZJ9kxguQZQCnqzeDeEGP67VL5S8hG8A,CoinSpot,walletexplorer-cluster
# Mercado Bitcoin
13RbmLNJ2WpY1RhR6eMqM5kSmzPWJfeQmw,Mercado Bitcoin,walletexplorer-cluster
142zj8SxAwHGwug4qCsAEGppiv6GCb1UeA,Mercado Bitcoin,walletexplorer-cluster
183w3twnpsgN7fNv3wn6LRotJoiUykeEiM,Mercado Bitcoin,walletexplorer-cluster
1DJiUcUW4yJYLFXkbsQPWsCM8xpA81NBSr,Mercado Bitcoin,walletexplorer-cluster
1EwZ4s5BNKBydhEJ6NjwiFD3pqUEL2jrct,Mercado Bitcoin,walletexplorer-cluster
1FYKSZWHV5yKeuc6jNEFv9YkmN1Nzw2Mqb,Mercado Bitcoin,walletexplorer-cluster
1GQykdcGxvyQ7ZhpCTSNzbyLuDkExSS3Vq,Mercado Bitcoin,walletexplorer-cluster
1HAYB6Sa6nJkB1bgGcAxVHVMnWLuGx5egi,Mercado Bitcoin,walletexplorer-cluster
1JNKY7k93gRPxZqCrd4cAqp6oZDuvQTfPw,Mercado Bitcoin,walletexplorer-cluster
1LE4JTHqzg7ryS6xzpKWW3TqABooGmkBYi,Mercado Bitcoin,walletexplorer-cluster
1Nx5iKXFdKGXN8yJ9P4kzvgLRVenCayvYc,Mercado Bitcoin,walletexplorer-cluster
1PETUYP2npdqpDxsEQwhvtDBc9kn7H8GLT,Mercado Bitcoin,walletexplorer-cluster
1nhYMfNHSAsCXxD3KnVeAgtC4Y5Sww2hn,Mercado Bitcoin,walletexplorer-cluster
32DzaZ8wTFZAMvcwa4DPSWRRsz7jb6CASd,Mercado Bitcoin,walletexplorer-cluster
32idg4g9VNA9BV6cTqeDKCSRDhnCwxcUfP,Mercado Bitcoin,walletexplorer-cluster
34E6etAYfr3SsHxDTaUFU9112CRtgzd11X,Mercado Bitcoin,walletexplorer-cluster
35qUCmr3N8gzcP6T8DJb5TRFTsX3GLYdiC,Mercado Bitcoin,walletexplorer-cluster
3AzxPu3bw8ZXEqNB9xkHMKkTFq8Ckmpn64,Mercado Bitcoin,walletexplorer-cluster
3HbBH2i7sHsi687Z8pS1S137mVbjgMFpQ3,Mercado Bitcoin,walletexplorer-cluster
3Nxa9vDXRg4NQFaToUREsLrp5sd4JamhJK,Mercado Bitcoin,walletexplorer-cluster
