address,entity
1dice8EMZmqKvrGE4Qc9bUFf9PX3xaYDp,SatoshiDice.com
1dice97ECuByXAvqXpaYzSaQuPVvrtmz6,SatoshiDice.com
1diceDCd27Cc22HV3qPNZKwGnZ8QwhLTc,SatoshiDice.com
1dicegEArYHgbwQZhvr5G9Ah2s7SFuW1y,SatoshiDice.com
1dice9wcMu5hLF4g81u8nioL5mmSHTApw,SatoshiDice.com
1dice7W2AicHosj76ey4a7s1afXgZwDbQp,SatoshiDice.com
1dice7fUkz5h4z2wPc1wLMPWgB5mDwKDx,SatoshiDice.com
1dice6YgEVBf88rvvo14YqY45RgEBVdFN,SatoshiDice.com
1dice6DPtUMBpWgv8i4pG8HMjXv9qDJWN,SatoshiDice.com
1dice6GV5Rz2iaifPvX7RMjfhaNPC8SXH,SatoshiDice.com
1dice5wwEZT2u6ESAdUGKaDSuCkSD9h4b,SatoshiDice.com
1dice4J1mFEvVuFqD14HzdViHFGi9h4Pp,SatoshiDice.com
1dice3jkUQ5sRnAsDFSb4MepGpcRAskwH,SatoshiDice.com
1dice2WmRTLf1dEk4HH3Xs8LDuXzaHEQU,SatoshiDice.com
1dice2xkjAAiphomEJA5NoowpuJ18HT1s,SatoshiDice.com
1dice1Qf4Br5EYjj9rnHWqgMVYnQWehYG,SatoshiDice.com
1dice1e6pdhLzzWQq7yMidf6txczVMECJ,SatoshiDice.com
